{
  "Profiles": [
    {
      "Ansi 5 Color" : {
        "Green Component" : 0.13310989737510681,
        "Blue Component" : 0.43182668089866638,
        "Red Component" : 0.986469566822052
      },
      "Tags" : [
    
      ],
      "Ansi 12 Color" : {
        "Green Component" : 0.81066548824310303,
        "Blue Component" : 0.99898606538772583,
        "Red Component" : 0.43880558013916016
      },
      "Use Non-ASCII Font" : false,
      "Ansi 1 Color" : {
        "Green Component" : 0.22098405659198761,
        "Blue Component" : 0.25575384497642517,
        "Red Component" : 0.9871404767036438
      },
      "Bold Color" : {
        "Green Component" : 0.91671288013458252,
        "Blue Component" : 0.91648769378662109,
        "Red Component" : 0.91654461622238159
      },
      "Normal Font" : "FiraCode-Regular 15",
      "Custom Directory" : "No",
      "Horizontal Spacing" : 1,
      "Rows" : 25,
      "Default Bookmark" : "No",
      "Ansi 4 Color" : {
        "Green Component" : 0.7149810791015625,
        "Blue Component" : 0.99871528148651123,
        "Red Component" : 0.215079665184021
      },
      "Cursor Guide Color" : {
        "Red Component" : 0.70213186740875244,
        "Color Space" : "sRGB",
        "Blue Component" : 1,
        "Alpha Component" : 0.25,
        "Green Component" : 0.9268307089805603
      },
      "Non-ASCII Anti Aliased" : true,
      "Use Bright Bold" : true,
      "Ansi 10 Color" : {
        "Green Component" : 0.96712285280227661,
        "Blue Component" : 0.74659085273742676,
        "Red Component" : 0.67800694704055786
      },
      "Icon" : 1,
      "Ambiguous Double Width" : false,
      "Jobs to Ignore" : [
        "rlogin",
        "ssh",
        "slogin",
        "telnet"
      ],
      "Show Status Bar" : true,
      "Ansi 15 Color" : {
        "Green Component" : 0.99997437000274658,
        "Blue Component" : 0.99999129772186279,
        "Red Component" : 1
      },
      "Foreground Color" : {
        "Green Component" : 0.92142927646636963,
        "Blue Component" : 0.93115901947021484,
        "Red Component" : 0.90730977058410645
      },
      "Bound Hosts" : [
    
      ],
      "Working Directory" : "\/Users\/neenadingole",
      "Blinking Cursor" : false,
      "Disable Window Resizing" : true,
      "Sync Title" : false,
      "Prompt Before Closing 2" : false,
      "BM Growl" : true,
      "Command" : "\/usr\/local\/bin\/fish",
      "Description" : "Default",
      "Mouse Reporting" : true,
      "Screen" : -1,
      "Selection Color" : {
        "Green Component" : 0.41462835669517517,
        "Blue Component" : 0.47096589207649231,
        "Red Component" : 0.30659490823745728
      },
      "Columns" : 80,
      "Idle Code" : 0,
      "Ansi 13 Color" : {
        "Green Component" : 0.40164706110954285,
        "Blue Component" : 0.60766077041625977,
        "Red Component" : 0.9887651801109314
      },
      "Custom Command" : "Custom Shell",
      "ASCII Anti Aliased" : true,
      "Non Ascii Font" : "Monaco 12",
      "Vertical Spacing" : 1,
      "Use Bold Font" : true,
      "Option Key Sends" : 0,
      "Selected Text Color" : {
        "Green Component" : 0.92142927646636963,
        "Blue Component" : 0.93115901947021484,
        "Red Component" : 0.90730977058410645
      },
      "Background Color" : {
        "Green Component" : 0.14745020866394043,
        "Blue Component" : 0.16608485579490662,
        "Red Component" : 0.11278382688760757
      },
      "Character Encoding" : 4,
      "Ansi 11 Color" : {
        "Green Component" : 0.88262283802032471,
        "Blue Component" : 0.42511638998985291,
        "Red Component" : 0.99765938520431519
      },
      "Use Italic Font" : true,
      "Unlimited Scrollback" : true,
      "Keyboard Map" : {
        "0xf700-0x260000" : {
          "Text" : "[1;6A",
          "Action" : 10
        },
        "0x37-0x40000" : {
          "Text" : "0x1f",
          "Action" : 11
        },
        "0x32-0x40000" : {
          "Text" : "0x00",
          "Action" : 11
        },
        "0xf709-0x20000" : {
          "Text" : "[17;2~",
          "Action" : 10
        },
        "0xf70c-0x20000" : {
          "Text" : "[20;2~",
          "Action" : 10
        },
        "0xf729-0x20000" : {
          "Text" : "[1;2H",
          "Action" : 10
        },
        "0xf72b-0x40000" : {
          "Text" : "[1;5F",
          "Action" : 10
        },
        "0xf705-0x20000" : {
          "Text" : "[1;2Q",
          "Action" : 10
        },
        "0xf703-0x260000" : {
          "Text" : "[1;6C",
          "Action" : 10
        },
        "0xf700-0x220000" : {
          "Text" : "[1;2A",
          "Action" : 10
        },
        "0xf701-0x280000" : {
          "Text" : "0x1b 0x1b 0x5b 0x42",
          "Action" : 11
        },
        "0x38-0x40000" : {
          "Text" : "0x7f",
          "Action" : 11
        },
        "0x33-0x40000" : {
          "Text" : "0x1b",
          "Action" : 11
        },
        "0xf703-0x220000" : {
          "Text" : "[1;2C",
          "Action" : 10
        },
        "0xf701-0x240000" : {
          "Text" : "[1;5B",
          "Action" : 10
        },
        "0xf70d-0x20000" : {
          "Text" : "[21;2~",
          "Action" : 10
        },
        "0xf702-0x260000" : {
          "Text" : "[1;6D",
          "Action" : 10
        },
        "0xf729-0x40000" : {
          "Text" : "[1;5H",
          "Action" : 10
        },
        "0xf706-0x20000" : {
          "Text" : "[1;2R",
          "Action" : 10
        },
        "0x34-0x40000" : {
          "Text" : "0x1c",
          "Action" : 11
        },
        "0xf700-0x280000" : {
          "Text" : "0x1b 0x1b 0x5b 0x41",
          "Action" : 11
        },
        "0x2d-0x40000" : {
          "Text" : "0x1f",
          "Action" : 11
        },
        "0xf70e-0x20000" : {
          "Text" : "[23;2~",
          "Action" : 10
        },
        "0xf702-0x220000" : {
          "Text" : "[1;2D",
          "Action" : 10
        },
        "0xf703-0x280000" : {
          "Text" : "0x1b 0x1b 0x5b 0x43",
          "Action" : 11
        },
        "0xf700-0x240000" : {
          "Text" : "[1;5A",
          "Action" : 10
        },
        "0xf707-0x20000" : {
          "Text" : "[1;2S",
          "Action" : 10
        },
        "0xf70a-0x20000" : {
          "Text" : "[18;2~",
          "Action" : 10
        },
        "0x35-0x40000" : {
          "Text" : "0x1d",
          "Action" : 11
        },
        "0xf70f-0x20000" : {
          "Text" : "[24;2~",
          "Action" : 10
        },
        "0xf703-0x240000" : {
          "Text" : "[1;5C",
          "Action" : 10
        },
        "0xf701-0x260000" : {
          "Text" : "[1;6B",
          "Action" : 10
        },
        "0xf702-0x280000" : {
          "Text" : "0x1b 0x1b 0x5b 0x44",
          "Action" : 11
        },
        "0xf72b-0x20000" : {
          "Text" : "[1;2F",
          "Action" : 10
        },
        "0x36-0x40000" : {
          "Text" : "0x1e",
          "Action" : 11
        },
        "0xf708-0x20000" : {
          "Text" : "[15;2~",
          "Action" : 10
        },
        "0xf701-0x220000" : {
          "Text" : "[1;2B",
          "Action" : 10
        },
        "0xf70b-0x20000" : {
          "Text" : "[19;2~",
          "Action" : 10
        },
        "0xf702-0x240000" : {
          "Text" : "[1;5D",
          "Action" : 10
        },
        "0xf704-0x20000" : {
          "Text" : "[1;2P",
          "Action" : 10
        }
      },
      "Window Type" : 0,
      "Initial Text" : "",
      "Background Image Location" : "",
      "Blur" : false,
      "Badge Color" : {
        "Red Component" : 1,
        "Color Space" : "sRGB",
        "Blue Component" : 0,
        "Alpha Component" : 0.5,
        "Green Component" : 0.1491314172744751
      },
      "Scrollback Lines" : 0,
      "Send Code When Idle" : false,
      "Close Sessions On End" : true,